mode	mean_latency_seconds	constraint_parse_accuracy	recommendation_type_accuracy	top_k_hit	evidence_coverage	recommendation_evidence_coverage	workflow_completeness	semantic_hallucination_issue_rate	critical_hallucination_rate	high_hallucination_rate	unsupported_tool_claim_rate	semantic_audit_pass_rate	prediction_path
pure_llm	30.238	0.3611111111111111	0.75	0.9166666666666666	0.0	0.0	0.0	0.32211538461538464	0.014423076923076924	0.27403846153846156	0.2548076923076923	0.0	eval/ablation_deepseek_aura_v0_1/predictions_pure_llm.jsonl
evidence_gate	26.062	0.4722222222222222	0.5	0.4166666666666667	0.7855023610110821	0.3876406458528552	0.3333333333333333						eval/ablation_deepseek_aura_v0_1/predictions_evidence_gate.jsonl
evidence_gate_auditor	24.366	0.4722222222222222	0.4166666666666667	0.25	0.6098845598845598	0.21564407814407816	0.3333333333333333	0.0	0.0	0.0	0.0	1.0	eval/ablation_deepseek_aura_v0_1/predictions_evidence_gate_auditor.jsonl
full_kg_pipeline	71.044	0.5277777777777778	0.75	0.3333333333333333	0.7312675663888349	0.23624067164179108	1.0	0.009584664536741214	0.0	0.0	0.0	0.8333333333333334	eval/ablation_deepseek_aura_v0_1/predictions_full_kg_pipeline.jsonl
