mode	mean_latency_seconds	constraint_parse_accuracy	recommendation_type_accuracy	top_k_hit	forbidden_tool_violation_rate	evidence_coverage	recommendation_evidence_coverage	workflow_completeness	semantic_hallucination_issue_rate	critical_hallucination_rate	high_hallucination_rate	unsupported_tool_claim_rate	semantic_audit_pass_rate	blocked_report_rate	prediction_path
pure_llm	41.617	0.46296296296296297	0.4166666666666667	0.5	0.08333333333333333	0.0	0.0	0.0	0.2987551867219917	0.04979253112033195	0.21161825726141079	0.1825726141078838	0.0	0.0	eval/ablation_deepseek_aura_v0_2_blind_full/predictions_pure_llm.jsonl
evidence_gate	22.377	0.5740740740740741	0.9166666666666666	1.0	0.0	0.8164941368761403	0.36221550379445117	0.875						0.0	eval/ablation_deepseek_aura_v0_2_blind_full/predictions_evidence_gate.jsonl
evidence_gate_auditor	26.811	0.5462962962962963	0.8333333333333334	0.9166666666666666	0.0	0.7835994000340349	0.3183558546716441	0.875	0.0	0.0	0.0	0.0	1.0	0.0	eval/ablation_deepseek_aura_v0_2_blind_full/predictions_evidence_gate_auditor.jsonl
full_kg_pipeline	78.995	0.6203703703703703	0.8333333333333334	0.9166666666666666	0.0	0.7789336759731497	0.2819272832430727	1.0	0.00967741935483871	0.0	0.0032258064516129032	0.0	0.8333333333333334	0.4166666666666667	eval/ablation_deepseek_aura_v0_2_blind_full/predictions_full_kg_pipeline.jsonl
